{"_step":100000,"train/samples":800000,"train/kld_loss":7.492676377296448e-05,"train/lr":1.0000000000000021e-05,"train/steps":100000,"train/dataloading_s":0.014434054305311292,"train/grad_norm":2.8584172904491423,"train/loss":0.03594417612999678,"train/update_s":0.06104117315728217,"_wandb":{"runtime":6519},"train/epochs":43.05473332974544,"train/episodes":1506.9156665410906,"train/l1_loss":0.039477329701185226,"_timestamp":1.7650593957270982e+09,"_runtime":6519.613485245}