{"_step":100000,"train/grad_norm":2.8652773106098177,"train/steps":100000,"train/lr":1.0000000000000021e-05,"_runtime":6757.497923745,"train/episodes":1335.15804933409,"train/kld_loss":7.519498467445374e-05,"train/loss":0.03214820927940309,"train/epochs":26.703160986681798,"train/update_s":0.06087681477249134,"_wandb":{"runtime":6757},"_timestamp":1.765079157060887e+09,"train/samples":800000,"train/dataloading_s":0.002294935585814528,"train/l1_loss":0.033902961760759354}